{"cameraMode":{"drawMode":0,"name":"Shaded","section":"Shading Mode"},"sceneLighting":true,"audioPlay":false,"sceneViewState":{"showFog":true,"showMaterialUpdate":false,"showSkybox":true,"showFlares":true,"showImageEffects":true,"showParticleSystems":true},"in2DMode":false,"pivot":{"x":-2.2376861572265627,"y":1.40966796875,"z":-1.6773681640625},"rotation":{"x":0.21986913681030274,"y":0.15002785623073579,"z":-0.034242648631334308,"w":0.9633153080940247},"size":1.5582852363586426,"orthographic":true}