{"cameraMode":{"drawMode":0,"name":"Shaded","section":"Shading Mode"},"sceneLighting":false,"audioPlay":false,"sceneViewState":{"showFog":true,"showMaterialUpdate":true,"showSkybox":false,"showFlares":true,"showImageEffects":true,"showParticleSystems":true},"in2DMode":false,"pivot":{"x":-2.578707695007324,"y":0.6899999976158142,"z":-1.6765352487564088},"rotation":{"x":0.2140771895647049,"y":0.5301647186279297,"z":-0.1404096782207489,"w":0.8083213567733765},"size":0.9895538687705994,"orthographic":true}