{"cameraMode":{"drawMode":0,"name":"Shaded","section":"Shading Mode"},"sceneLighting":true,"audioPlay":false,"sceneViewState":{"showFog":true,"showMaterialUpdate":true,"showSkybox":true,"showFlares":true,"showImageEffects":true,"showParticleSystems":true},"in2DMode":false,"pivot":{"x":-14.600000381469727,"y":0.7799997329711914,"z":-7.399999618530273},"rotation":{"x":0.4739096760749817,"y":-0.12079499661922455,"z":0.06581787765026093,"w":0.8697622418403626},"size":9.51130485534668,"orthographic":false}