{"cameraMode":{"drawMode":0,"name":"Shaded","section":"Shading Mode"},"sceneLighting":false,"audioPlay":false,"sceneViewState":{"showFog":true,"showMaterialUpdate":true,"showSkybox":false,"showFlares":true,"showImageEffects":true,"showParticleSystems":true},"in2DMode":false,"pivot":{"x":3.0300002098083498,"y":1.5685572624206544,"z":28.719999313354493},"rotation":{"x":0.19023624062538148,"y":-0.33670759201049807,"z":0.0696573480963707,"w":0.9195587635040283},"size":3.879030227661133,"orthographic":false}